{"cameraMode":{"drawMode":0,"name":"Shaded","section":"Shading Mode"},"sceneLighting":true,"audioPlay":false,"sceneViewState":{"showFog":true,"showMaterialUpdate":false,"showSkybox":true,"showFlares":true,"showImageEffects":true,"showParticleSystems":true,"showVisualEffectGraphs":true,"m_FxEnabled":true},"in2DMode":false,"pivot":{"x":181.76303100585938,"y":44.81559753417969,"z":-31.25102424621582},"rotation":{"x":-0.006329769268631935,"y":0.9765863418579102,"z":-0.2130674570798874,"w":-0.029012266546487809},"size":296.62127685546877,"orthographic":false}